".threshold",".metric",".estimator",".estimate","species"
0.1,"kap","binary",0.108406844714348,"California sea lion"
0.11,"kap","binary",0.115755690044187,"California sea lion"
0.12,"kap","binary",0.122808756256206,"California sea lion"
0.13,"kap","binary",0.130338994339445,"California sea lion"
0.14,"kap","binary",0.134944249225996,"California sea lion"
0.15,"kap","binary",0.139450357678987,"California sea lion"
0.16,"kap","binary",0.143351524254997,"California sea lion"
0.17,"kap","binary",0.150082980000828,"California sea lion"
0.18,"kap","binary",0.152050736333723,"California sea lion"
0.19,"kap","binary",0.155794362579366,"California sea lion"
0.2,"kap","binary",0.161632035272038,"California sea lion"
0.21,"kap","binary",0.168328298632704,"California sea lion"
0.22,"kap","binary",0.172254969137443,"California sea lion"
0.23,"kap","binary",0.17759002515563,"California sea lion"
0.24,"kap","binary",0.18581320231573,"California sea lion"
0.25,"kap","binary",0.188133558129776,"California sea lion"
0.26,"kap","binary",0.191826758249104,"California sea lion"
0.27,"kap","binary",0.197301371447341,"California sea lion"
0.28,"kap","binary",0.198869853120839,"California sea lion"
0.29,"kap","binary",0.206072030438462,"California sea lion"
0.3,"kap","binary",0.213282700740601,"California sea lion"
0.31,"kap","binary",0.214536769501472,"California sea lion"
0.32,"kap","binary",0.216854257820393,"California sea lion"
0.33,"kap","binary",0.2172340137275,"California sea lion"
0.34,"kap","binary",0.223581170560763,"California sea lion"
0.35,"kap","binary",0.226646128568134,"California sea lion"
0.36,"kap","binary",0.22409726323192,"California sea lion"
0.37,"kap","binary",0.22937959129244,"California sea lion"
0.38,"kap","binary",0.227980763000866,"California sea lion"
0.39,"kap","binary",0.224513994885385,"California sea lion"
0.4,"kap","binary",0.226982150629766,"California sea lion"
0.41,"kap","binary",0.227296071476193,"California sea lion"
0.42,"kap","binary",0.231908406974613,"California sea lion"
0.43,"kap","binary",0.236344133983053,"California sea lion"
0.44,"kap","binary",0.235055013110792,"California sea lion"
0.45,"kap","binary",0.235544650315986,"California sea lion"
0.46,"kap","binary",0.231469534409314,"California sea lion"
0.47,"kap","binary",0.232153909232867,"California sea lion"
0.48,"kap","binary",0.230475180008647,"California sea lion"
0.49,"kap","binary",0.222035256556526,"California sea lion"
0.5,"kap","binary",0.223021000110546,"California sea lion"
0.51,"kap","binary",0.225671374948381,"California sea lion"
0.52,"kap","binary",0.224651332157153,"California sea lion"
0.53,"kap","binary",0.223590348754787,"California sea lion"
0.54,"kap","binary",0.225907348166384,"California sea lion"
0.55,"kap","binary",0.227369519717695,"California sea lion"
0.56,"kap","binary",0.220386669614445,"California sea lion"
0.57,"kap","binary",0.223871671283257,"California sea lion"
0.58,"kap","binary",0.222756976557537,"California sea lion"
0.59,"kap","binary",0.226677887849696,"California sea lion"
0.6,"kap","binary",0.225537555680435,"California sea lion"
0.61,"kap","binary",0.226863444362735,"California sea lion"
0.62,"kap","binary",0.223690054773846,"California sea lion"
0.63,"kap","binary",0.224756354676869,"California sea lion"
0.64,"kap","binary",0.208907787695975,"California sea lion"
0.65,"kap","binary",0.206918553163022,"California sea lion"
0.66,"kap","binary",0.203803607868202,"California sea lion"
0.67,"kap","binary",0.20471061523637,"California sea lion"
0.68,"kap","binary",0.204643172914711,"California sea lion"
0.69,"kap","binary",0.201344357744895,"California sea lion"
0.7,"kap","binary",0.197037129230115,"California sea lion"
0.71,"kap","binary",0.190625982787663,"California sea lion"
0.72,"kap","binary",0.186313808713943,"California sea lion"
0.73,"kap","binary",0.182403739860974,"California sea lion"
0.74,"kap","binary",0.176637892955806,"California sea lion"
0.75,"kap","binary",0.176080437560958,"California sea lion"
0.76,"kap","binary",0.17669735491415,"California sea lion"
0.77,"kap","binary",0.169719764011799,"California sea lion"
0.78,"kap","binary",0.166545694516311,"California sea lion"
0.79,"kap","binary",0.162732064317349,"California sea lion"
0.8,"kap","binary",0.15401216734521,"California sea lion"
0.81,"kap","binary",0.146404817078227,"California sea lion"
0.82,"kap","binary",0.136635706444722,"California sea lion"
0.83,"kap","binary",0.132656064698924,"California sea lion"
0.84,"kap","binary",0.131789475098557,"California sea lion"
0.85,"kap","binary",0.12741536363307,"California sea lion"
0.86,"kap","binary",0.123813779807083,"California sea lion"
0.87,"kap","binary",0.122878846268244,"California sea lion"
0.88,"kap","binary",0.117175126090326,"California sea lion"
0.89,"kap","binary",0.110953569097978,"California sea lion"
0.9,"kap","binary",0.0972548780929352,"California sea lion"
0.1,"sens","binary",0.802968960863698,"California sea lion"
0.11,"sens","binary",0.785425101214575,"California sea lion"
0.12,"sens","binary",0.761133603238866,"California sea lion"
0.13,"sens","binary",0.754385964912281,"California sea lion"
0.14,"sens","binary",0.732793522267207,"California sea lion"
0.15,"sens","binary",0.703103913630229,"California sea lion"
0.16,"sens","binary",0.688259109311741,"California sea lion"
0.17,"sens","binary",0.67476383265857,"California sea lion"
0.18,"sens","binary",0.65587044534413,"California sea lion"
0.19,"sens","binary",0.639676113360324,"California sea lion"
0.2,"sens","binary",0.62753036437247,"California sea lion"
0.21,"sens","binary",0.612685560053981,"California sea lion"
0.22,"sens","binary",0.601889338731444,"California sea lion"
0.23,"sens","binary",0.587044534412955,"California sea lion"
0.24,"sens","binary",0.58029689608637,"California sea lion"
0.25,"sens","binary",0.569500674763833,"California sea lion"
0.26,"sens","binary",0.553306342780027,"California sea lion"
0.27,"sens","binary",0.543859649122807,"California sea lion"
0.28,"sens","binary",0.529014844804318,"California sea lion"
0.29,"sens","binary",0.519568151147099,"California sea lion"
0.3,"sens","binary",0.515519568151147,"California sea lion"
0.31,"sens","binary",0.506072874493927,"California sea lion"
0.32,"sens","binary",0.491228070175439,"California sea lion"
0.33,"sens","binary",0.475033738191633,"California sea lion"
0.34,"sens","binary",0.46693657219973,"California sea lion"
0.35,"sens","binary",0.45748987854251,"California sea lion"
0.36,"sens","binary",0.439946018893387,"California sea lion"
0.37,"sens","binary",0.431848852901485,"California sea lion"
0.38,"sens","binary",0.415654520917679,"California sea lion"
0.39,"sens","binary",0.396761133603239,"California sea lion"
0.4,"sens","binary",0.388663967611336,"California sea lion"
0.41,"sens","binary",0.376518218623482,"California sea lion"
0.42,"sens","binary",0.371120107962213,"California sea lion"
0.43,"sens","binary",0.365721997300945,"California sea lion"
0.44,"sens","binary",0.356275303643725,"California sea lion"
0.45,"sens","binary",0.350877192982456,"California sea lion"
0.46,"sens","binary",0.340080971659919,"California sea lion"
0.47,"sens","binary",0.331983805668016,"California sea lion"
0.48,"sens","binary",0.321187584345479,"California sea lion"
0.49,"sens","binary",0.303643724696356,"California sea lion"
0.5,"sens","binary",0.296896086369771,"California sea lion"
0.51,"sens","binary",0.291497975708502,"California sea lion"
0.52,"sens","binary",0.283400809716599,"California sea lion"
0.53,"sens","binary",0.275303643724696,"California sea lion"
0.54,"sens","binary",0.267206477732794,"California sea lion"
0.55,"sens","binary",0.263157894736842,"California sea lion"
0.56,"sens","binary",0.251012145748988,"California sea lion"
0.57,"sens","binary",0.246963562753036,"California sea lion"
0.58,"sens","binary",0.242914979757085,"California sea lion"
0.59,"sens","binary",0.238866396761134,"California sea lion"
0.6,"sens","binary",0.233468286099865,"California sea lion"
0.61,"sens","binary",0.228070175438596,"California sea lion"
0.62,"sens","binary",0.221322537112011,"California sea lion"
0.63,"sens","binary",0.217273954116059,"California sea lion"
0.64,"sens","binary",0.198380566801619,"California sea lion"
0.65,"sens","binary",0.194331983805668,"California sea lion"
0.66,"sens","binary",0.187584345479082,"California sea lion"
0.67,"sens","binary",0.184885290148448,"California sea lion"
0.68,"sens","binary",0.180836707152497,"California sea lion"
0.69,"sens","binary",0.174089068825911,"California sea lion"
0.7,"sens","binary",0.167341430499325,"California sea lion"
0.71,"sens","binary",0.159244264507422,"California sea lion"
0.72,"sens","binary",0.152496626180837,"California sea lion"
0.73,"sens","binary",0.147098515519568,"California sea lion"
0.74,"sens","binary",0.140350877192982,"California sea lion"
0.75,"sens","binary",0.136302294197031,"California sea lion"
0.76,"sens","binary",0.134952766531714,"California sea lion"
0.77,"sens","binary",0.128205128205128,"California sea lion"
0.78,"sens","binary",0.12280701754386,"California sea lion"
0.79,"sens","binary",0.118758434547908,"California sea lion"
0.8,"sens","binary",0.110661268556005,"California sea lion"
0.81,"sens","binary",0.10391363022942,"California sea lion"
0.82,"sens","binary",0.0958164642375169,"California sea lion"
0.83,"sens","binary",0.0917678812415655,"California sea lion"
0.84,"sens","binary",0.0904183535762483,"California sea lion"
0.85,"sens","binary",0.0863697705802969,"California sea lion"
0.86,"sens","binary",0.0823211875843455,"California sea lion"
0.87,"sens","binary",0.0809716599190283,"California sea lion"
0.88,"sens","binary",0.0769230769230769,"California sea lion"
0.89,"sens","binary",0.0715249662618084,"California sea lion"
0.9,"sens","binary",0.0620782726045884,"California sea lion"
0.1,"spec","binary",0.584399101825637,"California sea lion"
0.11,"spec","binary",0.609001269159426,"California sea lion"
0.12,"spec","binary",0.635263106511764,"California sea lion"
0.13,"spec","binary",0.651957434345407,"California sea lion"
0.14,"spec","binary",0.670506687493898,"California sea lion"
0.15,"spec","binary",0.692277653031338,"California sea lion"
0.16,"spec","binary",0.705262130235283,"California sea lion"
0.17,"spec","binary",0.721077809235576,"California sea lion"
0.18,"spec","binary",0.73259787171727,"California sea lion"
0.19,"spec","binary",0.744898955384165,"California sea lion"
0.2,"spec","binary",0.757492921995509,"California sea lion"
0.21,"spec","binary",0.771746558625403,"California sea lion"
0.22,"spec","binary",0.780728302255199,"California sea lion"
0.23,"spec","binary",0.792638875329493,"California sea lion"
0.24,"spec","binary",0.803475544274138,"California sea lion"
0.25,"spec","binary",0.810114224348335,"California sea lion"
0.26,"spec","binary",0.820072244459631,"California sea lion"
0.27,"spec","binary",0.828565849848677,"California sea lion"
0.28,"spec","binary",0.835790295811774,"California sea lion"
0.29,"spec","binary",0.84516255003417,"California sea lion"
0.3,"spec","binary",0.852094113052817,"California sea lion"
0.31,"spec","binary",0.856584984867715,"California sea lion"
0.32,"spec","binary",0.863809430830811,"California sea lion"
0.33,"spec","binary",0.870155227960558,"California sea lion"
0.34,"spec","binary",0.877282046275505,"California sea lion"
0.35,"spec","binary",0.882651566923753,"California sea lion"
0.36,"spec","binary",0.887532949331251,"California sea lion"
0.37,"spec","binary",0.893585863516548,"California sea lion"
0.38,"spec","binary",0.898662501220346,"California sea lion"
0.39,"spec","binary",0.903641511275993,"California sea lion"
0.4,"spec","binary",0.907937127794591,"California sea lion"
0.41,"spec","binary",0.912525627257639,"California sea lion"
0.42,"spec","binary",0.916821243776237,"California sea lion"
0.43,"spec","binary",0.920921604998536,"California sea lion"
0.44,"spec","binary",0.923655179146734,"California sea lion"
0.45,"spec","binary",0.925802987406033,"California sea lion"
0.46,"spec","binary",0.927755540369033,"California sea lion"
0.47,"spec","binary",0.930977252757981,"California sea lion"
0.48,"spec","binary",0.93410133749878,"California sea lion"
0.49,"spec","binary",0.936737283998828,"California sea lion"
0.5,"spec","binary",0.939666113443327,"California sea lion"
0.51,"spec","binary",0.942790198184126,"California sea lion"
0.52,"spec","binary",0.945328517036025,"California sea lion"
0.53,"spec","binary",0.947866835887923,"California sea lion"
0.54,"spec","binary",0.951771941813922,"California sea lion"
0.55,"spec","binary",0.953822122425071,"California sea lion"
0.56,"spec","binary",0.95557942009177,"California sea lion"
0.57,"spec","binary",0.958410621888119,"California sea lion"
0.58,"spec","binary",0.959484526017768,"California sea lion"
0.59,"spec","binary",0.962413355462267,"California sea lion"
0.6,"spec","binary",0.963975397832666,"California sea lion"
0.61,"spec","binary",0.966416089036415,"California sea lion"
0.62,"spec","binary",0.967782876110515,"California sea lion"
0.63,"spec","binary",0.969637801425364,"California sea lion"
0.64,"spec","binary",0.971297471443913,"California sea lion"
0.65,"spec","binary",0.972176120277263,"California sea lion"
0.66,"spec","binary",0.973738162647662,"California sea lion"
0.67,"spec","binary",0.975104949721761,"California sea lion"
0.68,"spec","binary",0.97666699209216,"California sea lion"
0.69,"spec","binary",0.97822903446256,"California sea lion"
0.7,"spec","binary",0.979498193888509,"California sea lion"
0.71,"spec","binary",0.980669725666309,"California sea lion"
0.72,"spec","binary",0.982036512740408,"California sea lion"
0.73,"spec","binary",0.983012789221908,"California sea lion"
0.74,"spec","binary",0.983989065703407,"California sea lion"
0.75,"spec","binary",0.985551108073807,"California sea lion"
0.76,"spec","binary",0.986332129259006,"California sea lion"
0.77,"spec","binary",0.987015522796056,"California sea lion"
0.78,"spec","binary",0.988382309870155,"California sea lion"
0.79,"spec","binary",0.988968075759055,"California sea lion"
0.8,"spec","binary",0.989846724592405,"California sea lion"
0.81,"spec","binary",0.990530118129454,"California sea lion"
0.82,"spec","binary",0.991213511666504,"California sea lion"
0.83,"spec","binary",0.991896905203554,"California sea lion"
0.84,"spec","binary",0.992287415796153,"California sea lion"
0.85,"spec","binary",0.992873181685053,"California sea lion"
0.86,"spec","binary",0.993751830518403,"California sea lion"
0.87,"spec","binary",0.994142341111003,"California sea lion"
0.88,"spec","binary",0.994337596407303,"California sea lion"
0.89,"spec","binary",0.995118617592502,"California sea lion"
0.9,"spec","binary",0.995606755833252,"California sea lion"
0.1,"j_index","binary",0.387368062689335,"California sea lion"
0.11,"j_index","binary",0.394426370374001,"California sea lion"
0.12,"j_index","binary",0.39639670975063,"California sea lion"
0.13,"j_index","binary",0.406343399257687,"California sea lion"
0.14,"j_index","binary",0.403300209761105,"California sea lion"
0.15,"j_index","binary",0.395381566661568,"California sea lion"
0.16,"j_index","binary",0.393521239547023,"California sea lion"
0.17,"j_index","binary",0.395841641894145,"California sea lion"
0.18,"j_index","binary",0.3884683170614,"California sea lion"
0.19,"j_index","binary",0.384575068744489,"California sea lion"
0.2,"j_index","binary",0.385023286367979,"California sea lion"
0.21,"j_index","binary",0.384432118679384,"California sea lion"
0.22,"j_index","binary",0.382617640986643,"California sea lion"
0.23,"j_index","binary",0.379683409742449,"California sea lion"
0.24,"j_index","binary",0.383772440360508,"California sea lion"
0.25,"j_index","binary",0.379614899112168,"California sea lion"
0.26,"j_index","binary",0.373378587239658,"California sea lion"
0.27,"j_index","binary",0.372425498971484,"California sea lion"
0.28,"j_index","binary",0.364805140616092,"California sea lion"
0.29,"j_index","binary",0.364730701181268,"California sea lion"
0.3,"j_index","binary",0.367613681203964,"California sea lion"
0.31,"j_index","binary",0.362657859361642,"California sea lion"
0.32,"j_index","binary",0.35503750100625,"California sea lion"
0.33,"j_index","binary",0.345188966152191,"California sea lion"
0.34,"j_index","binary",0.344218618475235,"California sea lion"
0.35,"j_index","binary",0.340141445466263,"California sea lion"
0.36,"j_index","binary",0.327478968224638,"California sea lion"
0.37,"j_index","binary",0.325434716418032,"California sea lion"
0.38,"j_index","binary",0.314317022138024,"California sea lion"
0.39,"j_index","binary",0.300402644879232,"California sea lion"
0.4,"j_index","binary",0.296601095405927,"California sea lion"
0.41,"j_index","binary",0.289043845881121,"California sea lion"
0.42,"j_index","binary",0.287941351738451,"California sea lion"
0.43,"j_index","binary",0.28664360229948,"California sea lion"
0.44,"j_index","binary",0.279930482790459,"California sea lion"
0.45,"j_index","binary",0.27668018038849,"California sea lion"
0.46,"j_index","binary",0.267836512028952,"California sea lion"
0.47,"j_index","binary",0.262961058425997,"California sea lion"
0.48,"j_index","binary",0.255288921844259,"California sea lion"
0.49,"j_index","binary",0.240381008695185,"California sea lion"
0.5,"j_index","binary",0.236562199813098,"California sea lion"
0.51,"j_index","binary",0.234288173892628,"California sea lion"
0.52,"j_index","binary",0.228729326752624,"California sea lion"
0.53,"j_index","binary",0.22317047961262,"California sea lion"
0.54,"j_index","binary",0.218978419546715,"California sea lion"
0.55,"j_index","binary",0.216980017161913,"California sea lion"
0.56,"j_index","binary",0.206591565840758,"California sea lion"
0.57,"j_index","binary",0.205374184641155,"California sea lion"
0.58,"j_index","binary",0.202399505774853,"California sea lion"
0.59,"j_index","binary",0.2012797522234,"California sea lion"
0.6,"j_index","binary",0.197443683932531,"California sea lion"
0.61,"j_index","binary",0.194486264475012,"California sea lion"
0.62,"j_index","binary",0.189105413222525,"California sea lion"
0.63,"j_index","binary",0.186911755541423,"California sea lion"
0.64,"j_index","binary",0.169678038245532,"California sea lion"
0.65,"j_index","binary",0.166508104082931,"California sea lion"
0.66,"j_index","binary",0.161322508126744,"California sea lion"
0.67,"j_index","binary",0.159990239870209,"California sea lion"
0.68,"j_index","binary",0.157503699244657,"California sea lion"
0.69,"j_index","binary",0.152318103288471,"California sea lion"
0.7,"j_index","binary",0.146839624387834,"California sea lion"
0.71,"j_index","binary",0.139913990173731,"California sea lion"
0.72,"j_index","binary",0.134533138921245,"California sea lion"
0.73,"j_index","binary",0.130111304741476,"California sea lion"
0.74,"j_index","binary",0.12433994289639,"California sea lion"
0.75,"j_index","binary",0.121853402270838,"California sea lion"
0.76,"j_index","binary",0.12128489579072,"California sea lion"
0.77,"j_index","binary",0.115220651001184,"California sea lion"
0.78,"j_index","binary",0.111189327414015,"California sea lion"
0.79,"j_index","binary",0.107726510306963,"California sea lion"
0.8,"j_index","binary",0.10050799314841,"California sea lion"
0.81,"j_index","binary",0.094443748358874,"California sea lion"
0.82,"j_index","binary",0.0870299759040207,"California sea lion"
0.83,"j_index","binary",0.0836647864451192,"California sea lion"
0.84,"j_index","binary",0.0827057693724018,"California sea lion"
0.85,"j_index","binary",0.0792429522653502,"California sea lion"
0.86,"j_index","binary",0.0760730181027482,"California sea lion"
0.87,"j_index","binary",0.0751140010300311,"California sea lion"
0.88,"j_index","binary",0.0712606733303796,"California sea lion"
0.89,"j_index","binary",0.0666435838543105,"California sea lion"
0.9,"j_index","binary",0.0576850284378403,"California sea lion"
0.1,"distance","binary",0.211545336946468,"California sea lion"
0.11,"distance","binary",0.198922394707715,"California sea lion"
0.12,"distance","binary",0.190090156973096,"California sea lion"
0.13,"distance","binary",0.181459881739503,"California sea lion"
0.14,"distance","binary",0.179965144728609,"California sea lion"
0.15,"distance","binary",0.182840328925588,"California sea lion"
0.16,"distance","binary",0.184052794800553,"California sea lion"
0.17,"distance","binary",0.183576153047769,"California sea lion"
0.18,"distance","binary",0.189929048597781,"California sea lion"
0.19,"distance","binary",0.194909846247212,"California sea lion"
0.2,"distance","binary",0.197543312346781,"California sea lion"
0.21,"distance","binary",0.202112108890045,"California sea lion"
0.22,"distance","binary",0.206572176047574,"California sea lion"
0.23,"distance","binary",0.21353085258283,"California sea lion"
0.24,"distance","binary",0.214772557133082,"California sea lion"
0.25,"distance","binary",0.22138627682363,"California sea lion"
0.26,"distance","binary",0.23190922061435,"California sea lion"
0.27,"distance","binary",0.237453687536475,"California sea lion"
0.28,"distance","binary",0.248791843364285,"California sea lion"
0.29,"distance","binary",0.254789397304138,"California sea lion"
0.3,"distance","binary",0.256597440238084,"California sea lion"
0.31,"distance","binary",0.264531871876086,"California sea lion"
0.32,"distance","binary",0.277396747708036,"California sea lion"
0.33,"distance","binary",0.292449240863026,"California sea lion"
0.34,"distance","binary",0.299216314224501,"California sea lion"
0.35,"distance","binary",0.308087886629271,"California sea lion"
0.36,"distance","binary",0.326309299239493,"California sea lion"
0.37,"distance","binary",0.334119694392878,"California sea lion"
0.38,"distance","binary",0.351728927582864,"California sea lion"
0.39,"distance","binary",0.373182088280824,"California sea lion"
0.4,"distance","binary",0.382207316935423,"California sea lion"
0.41,"distance","binary",0.396381297595106,"California sea lion"
0.42,"distance","binary",0.40240862409639,"California sea lion"
0.43,"distance","binary",0.40856197726391,"California sea lion"
0.44,"distance","binary",0.420210016370096,"California sea lion"
0.45,"distance","binary",0.426865615268205,"California sea lion"
0.46,"distance","binary",0.440712385912687,"California sea lion"
0.47,"distance","binary",0.451009775526622,"California sea lion"
0.48,"distance","binary",0.465128929366176,"California sea lion"
0.49,"distance","binary",0.488914233390609,"California sea lion"
0.5,"distance","binary",0.497995291229179,"California sea lion"
0.51,"distance","binary",0.505248079848962,"California sea lion"
0.52,"distance","binary",0.516503370564306,"California sea lion"
0.53,"distance","binary",0.527902675599039,"California sea lion"
0.54,"distance","binary",0.539312291873179,"California sea lion"
0.55,"distance","binary",0.545068684465968,"California sea lion"
0.56,"distance","binary",0.562955993734919,"California sea lion"
0.57,"distance","binary",0.568793552193333,"California sea lion"
0.58,"distance","binary",0.57481923150822,"California sea lion"
0.59,"distance","binary",0.580737117826986,"California sea lion"
0.6,"distance","binary",0.588868640375993,"California sea lion"
0.61,"distance","binary",0.597003533123009,"California sea lion"
0.62,"distance","binary",0.607376534281386,"California sea lion"
0.63,"distance","binary",0.613581926007394,"California sea lion"
0.64,"distance","binary",0.643417550826806,"California sea lion"
0.65,"distance","binary",0.649875120601336,"California sea lion"
0.66,"distance","binary",0.660708879811772,"California sea lion"
0.67,"distance","binary",0.665031753744736,"California sea lion"
0.68,"distance","binary",0.671572929606792,"California sea lion"
0.69,"distance","binary",0.682602841173283,"California sea lion"
0.7,"distance","binary",0.693740617416743,"California sea lion"
0.71,"distance","binary",0.707243866269481,"California sea lion"
0.72,"distance","binary",0.71858465550939,"California sea lion"
0.73,"distance","binary",0.727729507558944,"California sea lion"
0.74,"distance","binary",0.739252964359925,"California sea lion"
0.75,"distance","binary",0.746182497487207,"California sea lion"
0.76,"distance","binary",0.748493526821728,"California sea lion"
0.77,"distance","binary",0.760194895136097,"California sea lion"
0.78,"distance","binary",0.769602499194252,"California sea lion"
0.79,"distance","binary",0.776708400032911,"California sea lion"
0.8,"distance","binary",0.791026468247916,"California sea lion"
0.81,"distance","binary",0.803060460751259,"California sea lion"
0.82,"distance","binary",0.81762506872118,"California sea lion"
0.83,"distance","binary",0.824951241689715,"California sea lion"
0.84,"distance","binary",0.827398255466044,"California sea lion"
0.85,"distance","binary",0.834770987648793,"California sea lion"
0.86,"distance","binary",0.842173442378477,"California sea lion"
0.87,"distance","binary",0.844647402039646,"California sea lion"
0.88,"distance","binary",0.852103068731606,"California sea lion"
0.89,"distance","binary",0.862089716169344,"California sea lion"
0.9,"distance","binary",0.879716467314701,"California sea lion"
0.1,"kap","binary",0.115369734073674,"Harbor seal"
0.11,"kap","binary",0.118460551463077,"Harbor seal"
0.12,"kap","binary",0.117634959284319,"Harbor seal"
0.13,"kap","binary",0.117676709459917,"Harbor seal"
0.14,"kap","binary",0.12498677941005,"Harbor seal"
0.15,"kap","binary",0.12925234795538,"Harbor seal"
0.16,"kap","binary",0.13604281112265,"Harbor seal"
0.17,"kap","binary",0.140787463238905,"Harbor seal"
0.18,"kap","binary",0.146875079812701,"Harbor seal"
0.19,"kap","binary",0.148123491444344,"Harbor seal"
0.2,"kap","binary",0.15126653504505,"Harbor seal"
0.21,"kap","binary",0.157413600418811,"Harbor seal"
0.22,"kap","binary",0.157969936555564,"Harbor seal"
0.23,"kap","binary",0.155153505685458,"Harbor seal"
0.24,"kap","binary",0.156317386507912,"Harbor seal"
0.25,"kap","binary",0.158887332384946,"Harbor seal"
0.26,"kap","binary",0.160992338757525,"Harbor seal"
0.27,"kap","binary",0.164612181328041,"Harbor seal"
0.28,"kap","binary",0.169070831072557,"Harbor seal"
0.29,"kap","binary",0.173241035407104,"Harbor seal"
0.3,"kap","binary",0.175077898227391,"Harbor seal"
0.31,"kap","binary",0.177271527656665,"Harbor seal"
0.32,"kap","binary",0.182622231440392,"Harbor seal"
0.33,"kap","binary",0.183445821391464,"Harbor seal"
0.34,"kap","binary",0.182366402142237,"Harbor seal"
0.35,"kap","binary",0.183672891586732,"Harbor seal"
0.36,"kap","binary",0.179772922762175,"Harbor seal"
0.37,"kap","binary",0.179580525025829,"Harbor seal"
0.38,"kap","binary",0.18015922234067,"Harbor seal"
0.39,"kap","binary",0.17343914021828,"Harbor seal"
0.4,"kap","binary",0.175025218517122,"Harbor seal"
0.41,"kap","binary",0.172158791084749,"Harbor seal"
0.42,"kap","binary",0.174349598390688,"Harbor seal"
0.43,"kap","binary",0.175153600654744,"Harbor seal"
0.44,"kap","binary",0.175720180251985,"Harbor seal"
0.45,"kap","binary",0.179955270051384,"Harbor seal"
0.46,"kap","binary",0.182186909954141,"Harbor seal"
0.47,"kap","binary",0.185730786666639,"Harbor seal"
0.48,"kap","binary",0.191418564247566,"Harbor seal"
0.49,"kap","binary",0.196306209228591,"Harbor seal"
0.5,"kap","binary",0.202132440084504,"Harbor seal"
0.51,"kap","binary",0.199381964372854,"Harbor seal"
0.52,"kap","binary",0.191618918100663,"Harbor seal"
0.53,"kap","binary",0.190681286882665,"Harbor seal"
0.54,"kap","binary",0.186126357502711,"Harbor seal"
0.55,"kap","binary",0.184099297784548,"Harbor seal"
0.56,"kap","binary",0.188686532468134,"Harbor seal"
0.57,"kap","binary",0.190040921764293,"Harbor seal"
0.58,"kap","binary",0.190417567068909,"Harbor seal"
0.59,"kap","binary",0.191454059904572,"Harbor seal"
0.6,"kap","binary",0.179995279694821,"Harbor seal"
0.61,"kap","binary",0.180035900390361,"Harbor seal"
0.62,"kap","binary",0.172485961361215,"Harbor seal"
0.63,"kap","binary",0.168546382641513,"Harbor seal"
0.64,"kap","binary",0.161364719056579,"Harbor seal"
0.65,"kap","binary",0.163837638108854,"Harbor seal"
0.66,"kap","binary",0.164453558789997,"Harbor seal"
0.67,"kap","binary",0.16250291999858,"Harbor seal"
0.68,"kap","binary",0.153880624381367,"Harbor seal"
0.69,"kap","binary",0.149616896301218,"Harbor seal"
0.7,"kap","binary",0.132127063136308,"Harbor seal"
0.71,"kap","binary",0.125688117541383,"Harbor seal"
0.72,"kap","binary",0.126070545820145,"Harbor seal"
0.73,"kap","binary",0.120210966549967,"Harbor seal"
0.74,"kap","binary",0.112678778906222,"Harbor seal"
0.75,"kap","binary",0.109944398292537,"Harbor seal"
0.76,"kap","binary",0.108604069853655,"Harbor seal"
0.77,"kap","binary",0.112353521586327,"Harbor seal"
0.78,"kap","binary",0.106133269944946,"Harbor seal"
0.79,"kap","binary",0.103112408402825,"Harbor seal"
0.8,"kap","binary",0.101520497850773,"Harbor seal"
0.81,"kap","binary",0.100242694519422,"Harbor seal"
0.82,"kap","binary",0.0973525695872312,"Harbor seal"
0.83,"kap","binary",0.0741211924837565,"Harbor seal"
0.84,"kap","binary",0.0700611296708035,"Harbor seal"
0.85,"kap","binary",0.0558711969334895,"Harbor seal"
0.86,"kap","binary",0.0567639884363573,"Harbor seal"
0.87,"kap","binary",0.0585924008016443,"Harbor seal"
0.88,"kap","binary",0.0490226809371539,"Harbor seal"
0.89,"kap","binary",0.0501902123048776,"Harbor seal"
0.9,"kap","binary",0.0458141772693255,"Harbor seal"
0.1,"sens","binary",0.638795986622074,"Harbor seal"
0.11,"sens","binary",0.608695652173913,"Harbor seal"
0.12,"sens","binary",0.57190635451505,"Harbor seal"
0.13,"sens","binary",0.548494983277592,"Harbor seal"
0.14,"sens","binary",0.545150501672241,"Harbor seal"
0.15,"sens","binary",0.528428093645485,"Harbor seal"
0.16,"sens","binary",0.521739130434783,"Harbor seal"
0.17,"sens","binary",0.511705685618729,"Harbor seal"
0.18,"sens","binary",0.505016722408027,"Harbor seal"
0.19,"sens","binary",0.481605351170569,"Harbor seal"
0.2,"sens","binary",0.471571906354515,"Harbor seal"
0.21,"sens","binary",0.464882943143813,"Harbor seal"
0.22,"sens","binary",0.451505016722408,"Harbor seal"
0.23,"sens","binary",0.431438127090301,"Harbor seal"
0.24,"sens","binary",0.418060200668896,"Harbor seal"
0.25,"sens","binary",0.408026755852843,"Harbor seal"
0.26,"sens","binary",0.394648829431438,"Harbor seal"
0.27,"sens","binary",0.387959866220736,"Harbor seal"
0.28,"sens","binary",0.381270903010033,"Harbor seal"
0.29,"sens","binary",0.374581939799331,"Harbor seal"
0.3,"sens","binary",0.364548494983278,"Harbor seal"
0.31,"sens","binary",0.357859531772575,"Harbor seal"
0.32,"sens","binary",0.354515050167224,"Harbor seal"
0.33,"sens","binary",0.347826086956522,"Harbor seal"
0.34,"sens","binary",0.337792642140468,"Harbor seal"
0.35,"sens","binary",0.334448160535117,"Harbor seal"
0.36,"sens","binary",0.321070234113712,"Harbor seal"
0.37,"sens","binary",0.311036789297659,"Harbor seal"
0.38,"sens","binary",0.304347826086957,"Harbor seal"
0.39,"sens","binary",0.287625418060201,"Harbor seal"
0.4,"sens","binary",0.284280936454849,"Harbor seal"
0.41,"sens","binary",0.274247491638796,"Harbor seal"
0.42,"sens","binary",0.270903010033445,"Harbor seal"
0.43,"sens","binary",0.264214046822742,"Harbor seal"
0.44,"sens","binary",0.260869565217391,"Harbor seal"
0.45,"sens","binary",0.260869565217391,"Harbor seal"
0.46,"sens","binary",0.25752508361204,"Harbor seal"
0.47,"sens","binary",0.25752508361204,"Harbor seal"
0.48,"sens","binary",0.25752508361204,"Harbor seal"
0.49,"sens","binary",0.25752508361204,"Harbor seal"
0.5,"sens","binary",0.25752508361204,"Harbor seal"
0.51,"sens","binary",0.250836120401338,"Harbor seal"
0.52,"sens","binary",0.234113712374582,"Harbor seal"
0.53,"sens","binary",0.230769230769231,"Harbor seal"
0.54,"sens","binary",0.224080267558528,"Harbor seal"
0.55,"sens","binary",0.217391304347826,"Harbor seal"
0.56,"sens","binary",0.217391304347826,"Harbor seal"
0.57,"sens","binary",0.214046822742475,"Harbor seal"
0.58,"sens","binary",0.207357859531773,"Harbor seal"
0.59,"sens","binary",0.204013377926421,"Harbor seal"
0.6,"sens","binary",0.187290969899666,"Harbor seal"
0.61,"sens","binary",0.183946488294314,"Harbor seal"
0.62,"sens","binary",0.173913043478261,"Harbor seal"
0.63,"sens","binary",0.167224080267559,"Harbor seal"
0.64,"sens","binary",0.157190635451505,"Harbor seal"
0.65,"sens","binary",0.157190635451505,"Harbor seal"
0.66,"sens","binary",0.153846153846154,"Harbor seal"
0.67,"sens","binary",0.150501672240803,"Harbor seal"
0.68,"sens","binary",0.140468227424749,"Harbor seal"
0.69,"sens","binary",0.133779264214047,"Harbor seal"
0.7,"sens","binary",0.117056856187291,"Harbor seal"
0.71,"sens","binary",0.110367892976589,"Harbor seal"
0.72,"sens","binary",0.110367892976589,"Harbor seal"
0.73,"sens","binary",0.103678929765886,"Harbor seal"
0.74,"sens","binary",0.096989966555184,"Harbor seal"
0.75,"sens","binary",0.0936454849498328,"Harbor seal"
0.76,"sens","binary",0.0903010033444816,"Harbor seal"
0.77,"sens","binary",0.0903010033444816,"Harbor seal"
0.78,"sens","binary",0.0836120401337793,"Harbor seal"
0.79,"sens","binary",0.0802675585284281,"Harbor seal"
0.8,"sens","binary",0.0769230769230769,"Harbor seal"
0.81,"sens","binary",0.0735785953177258,"Harbor seal"
0.82,"sens","binary",0.0702341137123746,"Harbor seal"
0.83,"sens","binary",0.0535117056856187,"Harbor seal"
0.84,"sens","binary",0.0501672240802676,"Harbor seal"
0.85,"sens","binary",0.040133779264214,"Harbor seal"
0.86,"sens","binary",0.040133779264214,"Harbor seal"
0.87,"sens","binary",0.040133779264214,"Harbor seal"
0.88,"sens","binary",0.0334448160535117,"Harbor seal"
0.89,"sens","binary",0.0334448160535117,"Harbor seal"
0.9,"sens","binary",0.0301003344481605,"Harbor seal"
0.1,"spec","binary",0.818998596162845,"Harbor seal"
0.11,"spec","binary",0.832288254562471,"Harbor seal"
0.12,"spec","binary",0.842676649508657,"Harbor seal"
0.13,"spec","binary",0.849976602714085,"Harbor seal"
0.14,"spec","binary",0.858773982218063,"Harbor seal"
0.15,"spec","binary",0.867852129153018,"Harbor seal"
0.16,"spec","binary",0.875900795507721,"Harbor seal"
0.17,"spec","binary",0.882639213851193,"Harbor seal"
0.18,"spec","binary",0.889190453907347,"Harbor seal"
0.19,"spec","binary",0.896209639681797,"Harbor seal"
0.2,"spec","binary",0.900982686008423,"Harbor seal"
0.21,"spec","binary",0.906691623771642,"Harbor seal"
0.22,"spec","binary",0.910341600374357,"Harbor seal"
0.23,"spec","binary",0.913617220402433,"Harbor seal"
0.24,"spec","binary",0.917641553579785,"Harbor seal"
0.25,"spec","binary",0.921572297613477,"Harbor seal"
0.26,"spec","binary",0.925970987365466,"Harbor seal"
0.27,"spec","binary",0.929433785680861,"Harbor seal"
0.28,"spec","binary",0.933177351427234,"Harbor seal"
0.29,"spec","binary",0.93664014974263,"Harbor seal"
0.3,"spec","binary",0.939728591483388,"Harbor seal"
0.31,"spec","binary",0.942161909218531,"Harbor seal"
0.32,"spec","binary",0.94506317267197,"Harbor seal"
0.33,"spec","binary",0.946841366401497,"Harbor seal"
0.34,"spec","binary",0.948619560131025,"Harbor seal"
0.35,"spec","binary",0.949836218998596,"Harbor seal"
0.36,"spec","binary",0.951333645297145,"Harbor seal"
0.37,"spec","binary",0.95348619560131,"Harbor seal"
0.38,"spec","binary",0.955170800187178,"Harbor seal"
0.39,"spec","binary",0.956574637342068,"Harbor seal"
0.4,"spec","binary",0.957884885353299,"Harbor seal"
0.41,"spec","binary",0.95919513336453,"Harbor seal"
0.42,"spec","binary",0.960692559663079,"Harbor seal"
0.43,"spec","binary",0.962470753392606,"Harbor seal"
0.44,"spec","binary",0.9634066448292,"Harbor seal"
0.45,"spec","binary",0.96471689284043,"Harbor seal"
0.46,"spec","binary",0.966120729995321,"Harbor seal"
0.47,"spec","binary",0.967150210575573,"Harbor seal"
0.48,"spec","binary",0.968741226017782,"Harbor seal"
0.49,"spec","binary",0.970051474029013,"Harbor seal"
0.5,"spec","binary",0.971548900327562,"Harbor seal"
0.51,"spec","binary",0.972204024333177,"Harbor seal"
0.52,"spec","binary",0.973701450631727,"Harbor seal"
0.53,"spec","binary",0.974169396350023,"Harbor seal"
0.54,"spec","binary",0.974450163781001,"Harbor seal"
0.55,"spec","binary",0.975386055217595,"Harbor seal"
0.56,"spec","binary",0.976509124941507,"Harbor seal"
0.57,"spec","binary",0.97753860552176,"Harbor seal"
0.58,"spec","binary",0.979036031820309,"Harbor seal"
0.59,"spec","binary",0.979971923256902,"Harbor seal"
0.6,"spec","binary",0.981001403837155,"Harbor seal"
0.61,"spec","binary",0.98175011698643,"Harbor seal"
0.62,"spec","binary",0.982311651848386,"Harbor seal"
0.63,"spec","binary",0.982966775854001,"Harbor seal"
0.64,"spec","binary",0.983715489003276,"Harbor seal"
0.65,"spec","binary",0.984277023865232,"Harbor seal"
0.66,"spec","binary",0.985212915301825,"Harbor seal"
0.67,"spec","binary",0.985587271876462,"Harbor seal"
0.68,"spec","binary",0.986148806738418,"Harbor seal"
0.69,"spec","binary",0.986897519887693,"Harbor seal"
0.7,"spec","binary",0.98736546560599,"Harbor seal"
0.71,"spec","binary",0.987739822180627,"Harbor seal"
0.72,"spec","binary",0.987833411324286,"Harbor seal"
0.73,"spec","binary",0.988394946186242,"Harbor seal"
0.74,"spec","binary",0.988582124473561,"Harbor seal"
0.75,"spec","binary",0.988956481048198,"Harbor seal"
0.76,"spec","binary",0.989705194197473,"Harbor seal"
0.77,"spec","binary",0.990641085634066,"Harbor seal"
0.78,"spec","binary",0.991296209639682,"Harbor seal"
0.79,"spec","binary",0.991670566214319,"Harbor seal"
0.8,"spec","binary",0.992419279363594,"Harbor seal"
0.81,"spec","binary",0.993261581656528,"Harbor seal"
0.82,"spec","binary",0.993729527374825,"Harbor seal"
0.83,"spec","binary",0.994103883949462,"Harbor seal"
0.84,"spec","binary",0.99438465138044,"Harbor seal"
0.85,"spec","binary",0.994759007955077,"Harbor seal"
0.86,"spec","binary",0.995039775386055,"Harbor seal"
0.87,"spec","binary",0.995601310248011,"Harbor seal"
0.88,"spec","binary",0.995975666822649,"Harbor seal"
0.89,"spec","binary",0.996350023397286,"Harbor seal"
0.9,"spec","binary",0.996724379971923,"Harbor seal"
0.1,"j_index","binary",0.457794582784919,"Harbor seal"
0.11,"j_index","binary",0.440983906736384,"Harbor seal"
0.12,"j_index","binary",0.414583004023707,"Harbor seal"
0.13,"j_index","binary",0.398471585991677,"Harbor seal"
0.14,"j_index","binary",0.403924483890303,"Harbor seal"
0.15,"j_index","binary",0.396280222798503,"Harbor seal"
0.16,"j_index","binary",0.397639925942504,"Harbor seal"
0.17,"j_index","binary",0.394344899469922,"Harbor seal"
0.18,"j_index","binary",0.394207176315374,"Harbor seal"
0.19,"j_index","binary",0.377814990852365,"Harbor seal"
0.2,"j_index","binary",0.372554592362938,"Harbor seal"
0.21,"j_index","binary",0.371574566915455,"Harbor seal"
0.22,"j_index","binary",0.361846617096765,"Harbor seal"
0.23,"j_index","binary",0.345055347492734,"Harbor seal"
0.24,"j_index","binary",0.335701754248681,"Harbor seal"
0.25,"j_index","binary",0.32959905346632,"Harbor seal"
0.26,"j_index","binary",0.320619816796904,"Harbor seal"
0.27,"j_index","binary",0.317393651901597,"Harbor seal"
0.28,"j_index","binary",0.314448254437268,"Harbor seal"
0.29,"j_index","binary",0.311222089541961,"Harbor seal"
0.3,"j_index","binary",0.304277086466666,"Harbor seal"
0.31,"j_index","binary",0.300021440991106,"Harbor seal"
0.32,"j_index","binary",0.299578222839194,"Harbor seal"
0.33,"j_index","binary",0.294667453358019,"Harbor seal"
0.34,"j_index","binary",0.286412202271493,"Harbor seal"
0.35,"j_index","binary",0.284284379533713,"Harbor seal"
0.36,"j_index","binary",0.272403879410858,"Harbor seal"
0.37,"j_index","binary",0.264522984898969,"Harbor seal"
0.38,"j_index","binary",0.259518626274135,"Harbor seal"
0.39,"j_index","binary",0.244200055402269,"Harbor seal"
0.4,"j_index","binary",0.242165821808148,"Harbor seal"
0.41,"j_index","binary",0.233442625003326,"Harbor seal"
0.42,"j_index","binary",0.231595569696524,"Harbor seal"
0.43,"j_index","binary",0.226684800215349,"Harbor seal"
0.44,"j_index","binary",0.224276210046591,"Harbor seal"
0.45,"j_index","binary",0.225586458057822,"Harbor seal"
0.46,"j_index","binary",0.223645813607361,"Harbor seal"
0.47,"j_index","binary",0.224675294187613,"Harbor seal"
0.48,"j_index","binary",0.226266309629822,"Harbor seal"
0.49,"j_index","binary",0.227576557641053,"Harbor seal"
0.5,"j_index","binary",0.229073983939602,"Harbor seal"
0.51,"j_index","binary",0.223040144734515,"Harbor seal"
0.52,"j_index","binary",0.207815163006309,"Harbor seal"
0.53,"j_index","binary",0.204938627119254,"Harbor seal"
0.54,"j_index","binary",0.19853043133953,"Harbor seal"
0.55,"j_index","binary",0.192777359565421,"Harbor seal"
0.56,"j_index","binary",0.193900429289333,"Harbor seal"
0.57,"j_index","binary",0.191585428264234,"Harbor seal"
0.58,"j_index","binary",0.186393891352082,"Harbor seal"
0.59,"j_index","binary",0.183985301183324,"Harbor seal"
0.6,"j_index","binary",0.16829237373682,"Harbor seal"
0.61,"j_index","binary",0.165696605280744,"Harbor seal"
0.62,"j_index","binary",0.156224695326646,"Harbor seal"
0.63,"j_index","binary",0.150190856121559,"Harbor seal"
0.64,"j_index","binary",0.140906124454781,"Harbor seal"
0.65,"j_index","binary",0.141467659316737,"Harbor seal"
0.66,"j_index","binary",0.139059069147979,"Harbor seal"
0.67,"j_index","binary",0.136088944117265,"Harbor seal"
0.68,"j_index","binary",0.126617034163167,"Harbor seal"
0.69,"j_index","binary",0.12067678410174,"Harbor seal"
0.7,"j_index","binary",0.104422321793281,"Harbor seal"
0.71,"j_index","binary",0.0981077151572156,"Harbor seal"
0.72,"j_index","binary",0.0982013043008749,"Harbor seal"
0.73,"j_index","binary",0.0920738759521287,"Harbor seal"
0.74,"j_index","binary",0.085572091028745,"Harbor seal"
0.75,"j_index","binary",0.0826019659980313,"Harbor seal"
0.76,"j_index","binary",0.0800061975419546,"Harbor seal"
0.77,"j_index","binary",0.0809420889785482,"Harbor seal"
0.78,"j_index","binary",0.074908249773461,"Harbor seal"
0.79,"j_index","binary",0.0719381247427473,"Harbor seal"
0.8,"j_index","binary",0.0693423562866708,"Harbor seal"
0.81,"j_index","binary",0.0668401769742537,"Harbor seal"
0.82,"j_index","binary",0.0639636410871991,"Harbor seal"
0.83,"j_index","binary",0.0476155896350805,"Harbor seal"
0.84,"j_index","binary",0.0445518754607075,"Harbor seal"
0.85,"j_index","binary",0.0348927872192912,"Harbor seal"
0.86,"j_index","binary",0.0351735546502694,"Harbor seal"
0.87,"j_index","binary",0.0357350895122253,"Harbor seal"
0.88,"j_index","binary",0.0294204828761604,"Harbor seal"
0.89,"j_index","binary",0.0297948394507976,"Harbor seal"
0.9,"j_index","binary",0.0268247144200837,"Harbor seal"
0.1,"distance","binary",0.163229847471342,"Harbor seal"
0.11,"distance","binary",0.181246322185302,"Harbor seal"
0.12,"distance","binary",0.208014805914416,"Harbor seal"
0.13,"distance","binary",0.226363799858709,"Harbor seal"
0.14,"distance","binary",0.226832854227558,"Harbor seal"
0.15,"distance","binary",0.239843122632222,"Harbor seal"
0.16,"distance","binary",0.244134071912894,"Harbor seal"
0.17,"distance","binary",0.252204891582541,"Harbor seal"
0.18,"distance","binary",0.257287200600952,"Harbor seal"
0.19,"distance","binary",0.279505450829972,"Harbor seal"
0.2,"distance","binary",0.289040678623908,"Harbor seal"
0.21,"distance","binary",0.295056717612801,"Harbor seal"
0.22,"distance","binary",0.308885375304118,"Harbor seal"
0.23,"distance","binary",0.330724587937587,"Harbor seal"
0.24,"distance","binary",0.345436843742277,"Harbor seal"
0.25,"distance","binary",0.356583226287739,"Harbor seal"
0.26,"distance","binary",0.371930334420372,"Harbor seal"
0.27,"distance","binary",0.379572715959874,"Harbor seal"
0.28,"distance","binary",0.387290961824299,"Harbor seal"
0.29,"distance","binary",0.395162220649804,"Harbor seal"
0.3,"distance","binary",0.407431257912594,"Harbor seal"
0.31,"distance","binary",0.415689625680582,"Harbor seal"
0.32,"distance","binary",0.419668875457491,"Harbor seal"
0.33,"distance","binary",0.428156653180502,"Harbor seal"
0.34,"distance","binary",0.441158534404431,"Harbor seal"
0.35,"distance","binary",0.445475655939446,"Harbor seal"
0.36,"distance","binary",0.463314041086473,"Harbor seal"
0.37,"distance","binary",0.476833839700918,"Harbor seal"
0.38,"distance","binary",0.485941604225801,"Harbor seal"
0.39,"distance","binary",0.509363307115877,"Harbor seal"
0.4,"distance","binary",0.514027460803652,"Harbor seal"
0.41,"distance","binary",0.528381740533718,"Harbor seal"
0.42,"distance","binary",0.533127495644132,"Harbor seal"
0.43,"distance","binary",0.542789413243884,"Harbor seal"
0.44,"distance","binary",0.547652873264584,"Harbor seal"
0.45,"distance","binary",0.547558697272762,"Harbor seal"
0.46,"distance","binary",0.552416806401358,"Harbor seal"
0.47,"distance","binary",0.552348110130537,"Harbor seal"
0.48,"distance","binary",0.552246112416179,"Harbor seal"
0.49,"distance","binary",0.552165915673143,"Harbor seal"
0.5,"distance","binary",0.552078466537879,"Harbor seal"
0.51,"distance","binary",0.562019134758589,"Harbor seal"
0.52,"distance","binary",0.58727341927152,"Harbor seal"
0.53,"distance","binary",0.592383196416283,"Harbor seal"
0.54,"distance","binary",0.602704225322862,"Harbor seal"
0.55,"distance","binary",0.613082216788148,"Harbor seal"
0.56,"distance","binary",0.613028191721411,"Harbor seal"
0.57,"distance","binary",0.618226911083106,"Harbor seal"
0.58,"distance","binary",0.628721050807892,"Harbor seal"
0.59,"distance","binary",0.633995826378133,"Harbor seal"
0.6,"distance","binary",0.660856914262785,"Harbor seal"
0.61,"distance","binary",0.666276392197191,"Harbor seal"
0.62,"distance","binary",0.682732537395682,"Harbor seal"
0.63,"distance","binary",0.693805863211022,"Harbor seal"
0.64,"distance","binary",0.71059281026904,"Harbor seal"
0.65,"distance","binary",0.710574836949172,"Harbor seal"
0.66,"distance","binary",0.716194989234818,"Harbor seal"
0.67,"distance","binary",0.721855135597636,"Harbor seal"
0.68,"distance","binary",0.738986723621122,"Harbor seal"
0.69,"distance","binary",0.750510038090651,"Harbor seal"
0.7,"distance","binary",0.779748226665223,"Harbor seal"
0.71,"distance","binary",0.791595597807077,"Harbor seal"
0.72,"distance","binary",0.791593311726918,"Harbor seal"
0.73,"distance","binary",0.803526138219647,"Harbor seal"
0.74,"distance","binary",0.815557488383545,"Harbor seal"
0.75,"distance","binary",0.821600466262663,"Harbor seal"
0.76,"distance","binary",0.827658247542569,"Harbor seal"
0.77,"distance","binary",0.827639853794166,"Harbor seal"
0.78,"distance","binary",0.839842648954411,"Harbor seal"
0.79,"distance","binary",0.845977143362449,"Harbor seal"
0.8,"distance","binary",0.852128473242527,"Harbor seal"
0.81,"distance","binary",0.85830202533525,"Harbor seal"
0.82,"distance","binary",0.864503922131157,"Harbor seal"
0.83,"distance","binary",0.895874855458628,"Harbor seal"
0.84,"distance","binary",0.902213834351504,"Harbor seal"
0.85,"distance","binary",0.921370629707216,"Harbor seal"
0.86,"distance","binary",0.921367765537821,"Harbor seal"
0.87,"distance","binary",0.921362510181135,"Harbor seal"
0.88,"distance","binary",0.934245118871352,"Harbor seal"
0.89,"distance","binary",0.93424224594303,"Harbor seal"
0.9,"distance","binary",0.940716090924138,"Harbor seal"
0.1,"kap","binary",0.243260353070072,"Soupfin shark"
0.11,"kap","binary",0.256645982639343,"Soupfin shark"
0.12,"kap","binary",0.275496032339682,"Soupfin shark"
0.13,"kap","binary",0.285882600646332,"Soupfin shark"
0.14,"kap","binary",0.292237639073843,"Soupfin shark"
0.15,"kap","binary",0.301312196809458,"Soupfin shark"
0.16,"kap","binary",0.305261977200548,"Soupfin shark"
0.17,"kap","binary",0.314264346541193,"Soupfin shark"
0.18,"kap","binary",0.321762929325645,"Soupfin shark"
0.19,"kap","binary",0.331532532370367,"Soupfin shark"
0.2,"kap","binary",0.338260797579928,"Soupfin shark"
0.21,"kap","binary",0.347411103662237,"Soupfin shark"
0.22,"kap","binary",0.352461015204189,"Soupfin shark"
0.23,"kap","binary",0.360505168610887,"Soupfin shark"
0.24,"kap","binary",0.36496064399763,"Soupfin shark"
0.25,"kap","binary",0.371521710219066,"Soupfin shark"
0.26,"kap","binary",0.377398225908217,"Soupfin shark"
0.27,"kap","binary",0.381504609930069,"Soupfin shark"
0.28,"kap","binary",0.387040635597829,"Soupfin shark"
0.29,"kap","binary",0.394890880199993,"Soupfin shark"
0.3,"kap","binary",0.402345808367148,"Soupfin shark"
0.31,"kap","binary",0.405645612229047,"Soupfin shark"
0.32,"kap","binary",0.405494654040101,"Soupfin shark"
0.33,"kap","binary",0.408356258860241,"Soupfin shark"
0.34,"kap","binary",0.408815137004304,"Soupfin shark"
0.35,"kap","binary",0.406226985975972,"Soupfin shark"
0.36,"kap","binary",0.411377342666292,"Soupfin shark"
0.37,"kap","binary",0.414789270629875,"Soupfin shark"
0.38,"kap","binary",0.418934633555455,"Soupfin shark"
0.39,"kap","binary",0.418292184783745,"Soupfin shark"
0.4,"kap","binary",0.42060862219996,"Soupfin shark"
0.41,"kap","binary",0.415299122866864,"Soupfin shark"
0.42,"kap","binary",0.413239350939213,"Soupfin shark"
0.43,"kap","binary",0.414542004291508,"Soupfin shark"
0.44,"kap","binary",0.418658538277823,"Soupfin shark"
0.45,"kap","binary",0.415163942893478,"Soupfin shark"
0.46,"kap","binary",0.407717147403312,"Soupfin shark"
0.47,"kap","binary",0.40721349029656,"Soupfin shark"
0.48,"kap","binary",0.410002116936627,"Soupfin shark"
0.49,"kap","binary",0.408842407409868,"Soupfin shark"
0.5,"kap","binary",0.41098808224747,"Soupfin shark"
0.51,"kap","binary",0.407584833572967,"Soupfin shark"
0.52,"kap","binary",0.406743241951,"Soupfin shark"
0.53,"kap","binary",0.406225729012215,"Soupfin shark"
0.54,"kap","binary",0.40419787190249,"Soupfin shark"
0.55,"kap","binary",0.402546578009481,"Soupfin shark"
0.56,"kap","binary",0.400445181688004,"Soupfin shark"
0.57,"kap","binary",0.3927613768006,"Soupfin shark"
0.58,"kap","binary",0.394587968312269,"Soupfin shark"
0.59,"kap","binary",0.397976911177823,"Soupfin shark"
0.6,"kap","binary",0.392060048576331,"Soupfin shark"
0.61,"kap","binary",0.38724447239389,"Soupfin shark"
0.62,"kap","binary",0.380158697499231,"Soupfin shark"
0.63,"kap","binary",0.378432559901813,"Soupfin shark"
0.64,"kap","binary",0.374172915474501,"Soupfin shark"
0.65,"kap","binary",0.372330655536161,"Soupfin shark"
0.66,"kap","binary",0.362343766746112,"Soupfin shark"
0.67,"kap","binary",0.358482040855097,"Soupfin shark"
0.68,"kap","binary",0.356929173502419,"Soupfin shark"
0.69,"kap","binary",0.356158084068143,"Soupfin shark"
0.7,"kap","binary",0.349409291430369,"Soupfin shark"
0.71,"kap","binary",0.344756687622209,"Soupfin shark"
0.72,"kap","binary",0.337415390775134,"Soupfin shark"
0.73,"kap","binary",0.334157018715031,"Soupfin shark"
0.74,"kap","binary",0.333751263108028,"Soupfin shark"
0.75,"kap","binary",0.326902111206264,"Soupfin shark"
0.76,"kap","binary",0.327402625465011,"Soupfin shark"
0.77,"kap","binary",0.323101471938184,"Soupfin shark"
0.78,"kap","binary",0.323190013975999,"Soupfin shark"
0.79,"kap","binary",0.31717884364536,"Soupfin shark"
0.8,"kap","binary",0.303703261135905,"Soupfin shark"
0.81,"kap","binary",0.294229648296817,"Soupfin shark"
0.82,"kap","binary",0.279333921884101,"Soupfin shark"
0.83,"kap","binary",0.273962952735823,"Soupfin shark"
0.84,"kap","binary",0.270552781914054,"Soupfin shark"
0.85,"kap","binary",0.266723584550874,"Soupfin shark"
0.86,"kap","binary",0.258943303045682,"Soupfin shark"
0.87,"kap","binary",0.254036376028953,"Soupfin shark"
0.88,"kap","binary",0.24141157221819,"Soupfin shark"
0.89,"kap","binary",0.230292268146823,"Soupfin shark"
0.9,"kap","binary",0.222882382695781,"Soupfin shark"
0.1,"sens","binary",0.704134366925065,"Soupfin shark"
0.11,"sens","binary",0.691214470284238,"Soupfin shark"
0.12,"sens","binary",0.678294573643411,"Soupfin shark"
0.13,"sens","binary",0.670542635658915,"Soupfin shark"
0.14,"sens","binary",0.657622739018088,"Soupfin shark"
0.15,"sens","binary",0.638242894056848,"Soupfin shark"
0.16,"sens","binary",0.622739018087855,"Soupfin shark"
0.17,"sens","binary",0.613695090439277,"Soupfin shark"
0.18,"sens","binary",0.604651162790698,"Soupfin shark"
0.19,"sens","binary",0.599483204134367,"Soupfin shark"
0.2,"sens","binary",0.591731266149871,"Soupfin shark"
0.21,"sens","binary",0.585271317829457,"Soupfin shark"
0.22,"sens","binary",0.582687338501292,"Soupfin shark"
0.23,"sens","binary",0.581395348837209,"Soupfin shark"
0.24,"sens","binary",0.57235142118863,"Soupfin shark"
0.25,"sens","binary",0.569767441860465,"Soupfin shark"
0.26,"sens","binary",0.564599483204134,"Soupfin shark"
0.27,"sens","binary",0.560723514211886,"Soupfin shark"
0.28,"sens","binary",0.556847545219638,"Soupfin shark"
0.29,"sens","binary",0.551679586563308,"Soupfin shark"
0.3,"sens","binary",0.550387596899225,"Soupfin shark"
0.31,"sens","binary",0.545219638242894,"Soupfin shark"
0.32,"sens","binary",0.537467700258398,"Soupfin shark"
0.33,"sens","binary",0.53359173126615,"Soupfin shark"
0.34,"sens","binary",0.524547803617571,"Soupfin shark"
0.35,"sens","binary",0.51421188630491,"Soupfin shark"
0.36,"sens","binary",0.510335917312661,"Soupfin shark"
0.37,"sens","binary",0.506459948320413,"Soupfin shark"
0.38,"sens","binary",0.501291989664083,"Soupfin shark"
0.39,"sens","binary",0.494832041343669,"Soupfin shark"
0.4,"sens","binary",0.489664082687339,"Soupfin shark"
0.41,"sens","binary",0.479328165374677,"Soupfin shark"
0.42,"sens","binary",0.470284237726098,"Soupfin shark"
0.43,"sens","binary",0.463824289405685,"Soupfin shark"
0.44,"sens","binary",0.461240310077519,"Soupfin shark"
0.45,"sens","binary",0.452196382428941,"Soupfin shark"
0.46,"sens","binary",0.440568475452196,"Soupfin shark"
0.47,"sens","binary",0.4328165374677,"Soupfin shark"
0.48,"sens","binary",0.430232558139535,"Soupfin shark"
0.49,"sens","binary",0.425064599483204,"Soupfin shark"
0.5,"sens","binary",0.423772609819121,"Soupfin shark"
0.51,"sens","binary",0.416020671834625,"Soupfin shark"
0.52,"sens","binary",0.410852713178295,"Soupfin shark"
0.53,"sens","binary",0.404392764857881,"Soupfin shark"
0.54,"sens","binary",0.397932816537468,"Soupfin shark"
0.55,"sens","binary",0.392764857881137,"Soupfin shark"
0.56,"sens","binary",0.386304909560723,"Soupfin shark"
0.57,"sens","binary",0.374677002583979,"Soupfin shark"
0.58,"sens","binary",0.373385012919897,"Soupfin shark"
0.59,"sens","binary",0.372093023255814,"Soupfin shark"
0.6,"sens","binary",0.361757105943152,"Soupfin shark"
0.61,"sens","binary",0.352713178294574,"Soupfin shark"
0.62,"sens","binary",0.341085271317829,"Soupfin shark"
0.63,"sens","binary",0.334625322997416,"Soupfin shark"
0.64,"sens","binary",0.32687338501292,"Soupfin shark"
0.65,"sens","binary",0.320413436692506,"Soupfin shark"
0.66,"sens","binary",0.306201550387597,"Soupfin shark"
0.67,"sens","binary",0.301033591731266,"Soupfin shark"
0.68,"sens","binary",0.298449612403101,"Soupfin shark"
0.69,"sens","binary",0.295865633074935,"Soupfin shark"
0.7,"sens","binary",0.288113695090439,"Soupfin shark"
0.71,"sens","binary",0.281653746770026,"Soupfin shark"
0.72,"sens","binary",0.27390180878553,"Soupfin shark"
0.73,"sens","binary",0.267441860465116,"Soupfin shark"
0.74,"sens","binary",0.263565891472868,"Soupfin shark"
0.75,"sens","binary",0.255813953488372,"Soupfin shark"
0.76,"sens","binary",0.254521963824289,"Soupfin shark"
0.77,"sens","binary",0.248062015503876,"Soupfin shark"
0.78,"sens","binary",0.246770025839793,"Soupfin shark"
0.79,"sens","binary",0.24031007751938,"Soupfin shark"
0.8,"sens","binary",0.227390180878553,"Soupfin shark"
0.81,"sens","binary",0.217054263565891,"Soupfin shark"
0.82,"sens","binary",0.204134366925065,"Soupfin shark"
0.83,"sens","binary",0.198966408268734,"Soupfin shark"
0.84,"sens","binary",0.195090439276486,"Soupfin shark"
0.85,"sens","binary",0.191214470284238,"Soupfin shark"
0.86,"sens","binary",0.183462532299742,"Soupfin shark"
0.87,"sens","binary",0.178294573643411,"Soupfin shark"
0.88,"sens","binary",0.167958656330749,"Soupfin shark"
0.89,"sens","binary",0.158914728682171,"Soupfin shark"
0.9,"sens","binary",0.152454780361757,"Soupfin shark"
0.1,"spec","binary",0.800979431929481,"Soupfin shark"
0.11,"spec","binary",0.816258570029383,"Soupfin shark"
0.12,"spec","binary",0.83437806072478,"Soupfin shark"
0.13,"spec","binary",0.843878550440744,"Soupfin shark"
0.14,"spec","binary",0.852007835455436,"Soupfin shark"
0.15,"spec","binary",0.863467189030362,"Soupfin shark"
0.16,"spec","binary",0.870421155729677,"Soupfin shark"
0.17,"spec","binary",0.878060724779628,"Soupfin shark"
0.18,"spec","binary",0.88462291870715,"Soupfin shark"
0.19,"spec","binary",0.890989226248776,"Soupfin shark"
0.2,"spec","binary",0.896376101860921,"Soupfin shark"
0.21,"spec","binary",0.902350636630754,"Soupfin shark"
0.22,"spec","binary",0.905288932419197,"Soupfin shark"
0.23,"spec","binary",0.909108716944172,"Soupfin shark"
0.24,"spec","binary",0.91332027424094,"Soupfin shark"
0.25,"spec","binary",0.916650342801175,"Soupfin shark"
0.26,"spec","binary",0.920274240940255,"Soupfin shark"
0.27,"spec","binary",0.922820763956905,"Soupfin shark"
0.28,"spec","binary",0.925857002938296,"Soupfin shark"
0.29,"spec","binary",0.929970617042116,"Soupfin shark"
0.3,"spec","binary",0.932908912830558,"Soupfin shark"
0.31,"spec","binary",0.935259549461312,"Soupfin shark"
0.32,"spec","binary",0.937022526934378,"Soupfin shark"
0.33,"spec","binary",0.938883447600392,"Soupfin shark"
0.34,"spec","binary",0.941136141038198,"Soupfin shark"
0.35,"spec","binary",0.942703232125367,"Soupfin shark"
0.36,"spec","binary",0.945249755142018,"Soupfin shark"
0.37,"spec","binary",0.947208619000979,"Soupfin shark"
0.38,"spec","binary",0.949657198824682,"Soupfin shark"
0.39,"spec","binary",0.950930460333007,"Soupfin shark"
0.4,"spec","binary",0.952791380999021,"Soupfin shark"
0.41,"spec","binary",0.953574926542605,"Soupfin shark"
0.42,"spec","binary",0.955044074436827,"Soupfin shark"
0.43,"spec","binary",0.95690499510284,"Soupfin shark"
0.44,"spec","binary",0.958667972575906,"Soupfin shark"
0.45,"spec","binary",0.959745347698335,"Soupfin shark"
0.46,"spec","binary",0.960333006856024,"Soupfin shark"
0.47,"spec","binary",0.961998041136141,"Soupfin shark"
0.48,"spec","binary",0.963369245837414,"Soupfin shark"
0.49,"spec","binary",0.964250734573947,"Soupfin shark"
0.5,"spec","binary",0.96513222331048,"Soupfin shark"
0.51,"spec","binary",0.966013712047013,"Soupfin shark"
0.52,"spec","binary",0.966993143976494,"Soupfin shark"
0.53,"spec","binary",0.968364348677767,"Soupfin shark"
0.54,"spec","binary",0.969343780607248,"Soupfin shark"
0.55,"spec","binary",0.970127326150833,"Soupfin shark"
0.56,"spec","binary",0.971106758080313,"Soupfin shark"
0.57,"spec","binary",0.971890303623898,"Soupfin shark"
0.58,"spec","binary",0.972673849167483,"Soupfin shark"
0.59,"spec","binary",0.97384916748286,"Soupfin shark"
0.6,"spec","binary",0.974828599412341,"Soupfin shark"
0.61,"spec","binary",0.975808031341822,"Soupfin shark"
0.62,"spec","binary",0.976885406464251,"Soupfin shark"
0.63,"spec","binary",0.978060724779628,"Soupfin shark"
0.64,"spec","binary",0.978942213516161,"Soupfin shark"
0.65,"spec","binary",0.980117531831538,"Soupfin shark"
0.66,"spec","binary",0.981292850146915,"Soupfin shark"
0.67,"spec","binary",0.981684622918707,"Soupfin shark"
0.68,"spec","binary",0.981978452497551,"Soupfin shark"
0.69,"spec","binary",0.982468168462292,"Soupfin shark"
0.7,"spec","binary",0.982859941234084,"Soupfin shark"
0.71,"spec","binary",0.983447600391773,"Soupfin shark"
0.72,"spec","binary",0.983741429970617,"Soupfin shark"
0.73,"spec","binary",0.984720861900098,"Soupfin shark"
0.74,"spec","binary",0.985700293829579,"Soupfin shark"
0.75,"spec","binary",0.986190009794319,"Soupfin shark"
0.76,"spec","binary",0.98667972575906,"Soupfin shark"
0.77,"spec","binary",0.987463271302644,"Soupfin shark"
0.78,"spec","binary",0.987855044074437,"Soupfin shark"
0.79,"spec","binary",0.988246816846229,"Soupfin shark"
0.8,"spec","binary",0.98873653281097,"Soupfin shark"
0.81,"spec","binary",0.989520078354554,"Soupfin shark"
0.82,"spec","binary",0.989813907933399,"Soupfin shark"
0.83,"spec","binary",0.990107737512243,"Soupfin shark"
0.84,"spec","binary",0.990499510284035,"Soupfin shark"
0.85,"spec","binary",0.99079333986288,"Soupfin shark"
0.86,"spec","binary",0.991380999020568,"Soupfin shark"
0.87,"spec","binary",0.991870714985309,"Soupfin shark"
0.88,"spec","binary",0.992164544564153,"Soupfin shark"
0.89,"spec","binary",0.992458374142997,"Soupfin shark"
0.9,"spec","binary",0.992850146914789,"Soupfin shark"
0.1,"j_index","binary",0.505113798854546,"Soupfin shark"
0.11,"j_index","binary",0.507473040313621,"Soupfin shark"
0.12,"j_index","binary",0.51267263436819,"Soupfin shark"
0.13,"j_index","binary",0.514421186099659,"Soupfin shark"
0.14,"j_index","binary",0.509630574473524,"Soupfin shark"
0.15,"j_index","binary",0.50171008308721,"Soupfin shark"
0.16,"j_index","binary",0.493160173817532,"Soupfin shark"
0.17,"j_index","binary",0.491755815218904,"Soupfin shark"
0.18,"j_index","binary",0.489274081497848,"Soupfin shark"
0.19,"j_index","binary",0.490472430383143,"Soupfin shark"
0.2,"j_index","binary",0.488107368010791,"Soupfin shark"
0.21,"j_index","binary",0.487621954460212,"Soupfin shark"
0.22,"j_index","binary",0.487976270920489,"Soupfin shark"
0.23,"j_index","binary",0.490504065781382,"Soupfin shark"
0.24,"j_index","binary",0.485671695429571,"Soupfin shark"
0.25,"j_index","binary",0.48641778466164,"Soupfin shark"
0.26,"j_index","binary",0.484873724144389,"Soupfin shark"
0.27,"j_index","binary",0.483544278168791,"Soupfin shark"
0.28,"j_index","binary",0.482704548157934,"Soupfin shark"
0.29,"j_index","binary",0.481650203605423,"Soupfin shark"
0.3,"j_index","binary",0.483296509729783,"Soupfin shark"
0.31,"j_index","binary",0.480479187704207,"Soupfin shark"
0.32,"j_index","binary",0.474490227192776,"Soupfin shark"
0.33,"j_index","binary",0.472475178866542,"Soupfin shark"
0.34,"j_index","binary",0.465683944655769,"Soupfin shark"
0.35,"j_index","binary",0.456915118430277,"Soupfin shark"
0.36,"j_index","binary",0.455585672454679,"Soupfin shark"
0.37,"j_index","binary",0.453668567321393,"Soupfin shark"
0.38,"j_index","binary",0.450949188488764,"Soupfin shark"
0.39,"j_index","binary",0.445762501676676,"Soupfin shark"
0.4,"j_index","binary",0.442455463686359,"Soupfin shark"
0.41,"j_index","binary",0.432903091917282,"Soupfin shark"
0.42,"j_index","binary",0.425328312162925,"Soupfin shark"
0.43,"j_index","binary",0.420729284508525,"Soupfin shark"
0.44,"j_index","binary",0.419908282653425,"Soupfin shark"
0.45,"j_index","binary",0.411941730127276,"Soupfin shark"
0.46,"j_index","binary",0.40090148230822,"Soupfin shark"
0.47,"j_index","binary",0.394814578603841,"Soupfin shark"
0.48,"j_index","binary",0.393601803976949,"Soupfin shark"
0.49,"j_index","binary",0.389315334057151,"Soupfin shark"
0.5,"j_index","binary",0.388904833129601,"Soupfin shark"
0.51,"j_index","binary",0.382034383881638,"Soupfin shark"
0.52,"j_index","binary",0.377845857154788,"Soupfin shark"
0.53,"j_index","binary",0.372757113535648,"Soupfin shark"
0.54,"j_index","binary",0.367276597144715,"Soupfin shark"
0.55,"j_index","binary",0.362892184031969,"Soupfin shark"
0.56,"j_index","binary",0.357411667641037,"Soupfin shark"
0.57,"j_index","binary",0.346567306207878,"Soupfin shark"
0.58,"j_index","binary",0.346058862087379,"Soupfin shark"
0.59,"j_index","binary",0.345942190738674,"Soupfin shark"
0.6,"j_index","binary",0.336585705355493,"Soupfin shark"
0.61,"j_index","binary",0.328521209636395,"Soupfin shark"
0.62,"j_index","binary",0.31797067778208,"Soupfin shark"
0.63,"j_index","binary",0.312686047777044,"Soupfin shark"
0.64,"j_index","binary",0.30581559852908,"Soupfin shark"
0.65,"j_index","binary",0.300530968524044,"Soupfin shark"
0.66,"j_index","binary",0.287494400534512,"Soupfin shark"
0.67,"j_index","binary",0.282718214649973,"Soupfin shark"
0.68,"j_index","binary",0.280428064900652,"Soupfin shark"
0.69,"j_index","binary",0.278333801537227,"Soupfin shark"
0.7,"j_index","binary",0.270973636324523,"Soupfin shark"
0.71,"j_index","binary",0.265101347161799,"Soupfin shark"
0.72,"j_index","binary",0.257643238756147,"Soupfin shark"
0.73,"j_index","binary",0.252162722365214,"Soupfin shark"
0.74,"j_index","binary",0.249266185302447,"Soupfin shark"
0.75,"j_index","binary",0.242003963282691,"Soupfin shark"
0.76,"j_index","binary",0.241201689583349,"Soupfin shark"
0.77,"j_index","binary",0.23552528680652,"Soupfin shark"
0.78,"j_index","binary",0.23462506991423,"Soupfin shark"
0.79,"j_index","binary",0.228556894365609,"Soupfin shark"
0.8,"j_index","binary",0.216126713689523,"Soupfin shark"
0.81,"j_index","binary",0.206574341920446,"Soupfin shark"
0.82,"j_index","binary",0.193948274858463,"Soupfin shark"
0.83,"j_index","binary",0.189074145780977,"Soupfin shark"
0.84,"j_index","binary",0.185589949560521,"Soupfin shark"
0.85,"j_index","binary",0.182007810147117,"Soupfin shark"
0.86,"j_index","binary",0.17484353132031,"Soupfin shark"
0.87,"j_index","binary",0.170165288628719,"Soupfin shark"
0.88,"j_index","binary",0.160123200894902,"Soupfin shark"
0.89,"j_index","binary",0.151373102825168,"Soupfin shark"
0.9,"j_index","binary",0.145304927276547,"Soupfin shark"
0.1,"distance","binary",0.127145659349944,"Soupfin shark"
0.11,"distance","binary",0.129109416449491,"Soupfin shark"
0.12,"distance","binary",0.13092500811656,"Soupfin shark"
0.13,"distance","binary",0.132916061931058,"Soupfin shark"
0.14,"distance","binary",0.139123869604062,"Soupfin shark"
0.15,"distance","binary",0.149509412171636,"Soupfin shark"
0.16,"distance","binary",0.159116525355748,"Soupfin shark"
0.17,"distance","binary",0.164100669991988,"Soupfin shark"
0.18,"distance","binary",0.169612573970404,"Soupfin shark"
0.19,"distance","binary",0.172297052564314,"Soupfin shark"
0.2,"distance","binary",0.177421271305126,"Soupfin shark"
0.21,"distance","binary",0.181535277981334,"Soupfin shark"
0.22,"distance","binary",0.183120043769431,"Soupfin shark"
0.23,"distance","binary",0.183491079310656,"Soupfin shark"
0.24,"distance","binary",0.19039668181705,"Soupfin shark"
0.25,"distance","binary",0.19204721943845,"Soupfin shark"
0.26,"distance","binary",0.195929806683759,"Soupfin shark"
0.27,"distance","binary",0.198920465442551,"Soupfin shark"
0.28,"distance","binary",0.201881282191153,"Soupfin shark"
0.29,"distance","binary",0.205895307581509,"Soupfin shark"
0.3,"distance","binary",0.206652526999632,"Soupfin shark"
0.31,"distance","binary",0.211016503375876,"Soupfin shark"
0.32,"distance","binary",0.217902290417986,"Soupfin shark"
0.33,"distance","binary",0.221271906120521,"Soupfin shark"
0.34,"distance","binary",0.229519744936751,"Soupfin shark"
0.35,"distance","binary",0.239273011016314,"Soupfin shark"
0.36,"distance","binary",0.242768503186042,"Soupfin shark"
0.37,"distance","binary",0.246368712519673,"Soupfin shark"
0.38,"distance","binary",0.251244077203387,"Soupfin shark"
0.39,"distance","binary",0.257602486176135,"Soupfin shark"
0.4,"distance","binary",0.262671402207335,"Soupfin shark"
0.41,"distance","binary",0.273254446817624,"Soupfin shark"
0.42,"distance","binary",0.282619824044662,"Soupfin shark"
0.43,"distance","binary",0.289341572078405,"Soupfin shark"
0.44,"distance","binary",0.291970339976354,"Soupfin shark"
0.45,"distance","binary",0.301709240455868,"Soupfin shark"
0.46,"distance","binary",0.314537101002964,"Soupfin shark"
0.47,"distance","binary",0.323141229047619,"Soupfin shark"
0.48,"distance","binary",0.325976749954738,"Soupfin shark"
0.49,"distance","binary",0.331828724745911,"Soupfin shark"
0.5,"distance","binary",0.333253767045937,"Soupfin shark"
0.51,"distance","binary",0.342186923493306,"Soupfin shark"
0.52,"distance","binary",0.348183978113933,"Soupfin shark"
0.53,"distance","binary",0.355748792988221,"Soupfin shark"
0.54,"distance","binary",0.363424697189963,"Soupfin shark"
0.55,"distance","binary",0.369626894467015,"Soupfin shark"
0.56,"distance","binary",0.377456483457901,"Soupfin shark"
0.57,"distance","binary",0.391819006127713,"Soupfin shark"
0.58,"distance","binary",0.39339306055272,"Soupfin shark"
0.59,"distance","binary",0.394951037485363,"Soupfin shark"
0.6,"distance","binary",0.407987591221605,"Soupfin shark"
0.61,"distance","binary",0.419565480901071,"Soupfin shark"
0.62,"distance","binary",0.434702904108621,"Soupfin shark"
0.63,"distance","binary",0.443204792593488,"Soupfin shark"
0.64,"distance","binary",0.453542870175564,"Soupfin shark"
0.65,"distance","binary",0.46223320956856,"Soupfin shark"
0.66,"distance","binary",0.4817062461402,"Soupfin shark"
0.67,"distance","binary",0.488889492925724,"Soupfin shark"
0.68,"distance","binary",0.492497722511743,"Soupfin shark"
0.69,"distance","binary",0.496112571802028,"Soupfin shark"
0.7,"distance","binary",0.507075892732287,"Soupfin shark"
0.71,"distance","binary",0.516295321462333,"Soupfin shark"
0.72,"distance","binary",0.527482924384326,"Soupfin shark"
0.73,"distance","binary",0.536874879859886,"Soupfin shark"
0.74,"distance","binary",0.542539677798712,"Soupfin shark"
0.75,"distance","binary",0.554003587652088,"Soupfin shark"
0.76,"distance","binary",0.555914932126248,"Soupfin shark"
0.77,"distance","binary",0.565567902094524,"Soupfin shark"
0.78,"distance","binary",0.567502893927819,"Soupfin shark"
0.79,"distance","binary",0.577266915632857,"Soupfin shark"
0.8,"distance","binary",0.597052798295993,"Soupfin shark"
0.81,"distance","binary",0.613113854958043,"Soupfin shark"
0.82,"distance","binary",0.633505862381357,"Soupfin shark"
0.83,"distance","binary",0.641752671939019,"Soupfin shark"
0.84,"distance","binary",0.647969660248964,"Soupfin shark"
0.85,"distance","binary",0.654218795668487,"Soupfin shark"
0.86,"distance","binary",0.666807723336234,"Soupfin shark"
0.87,"distance","binary",0.675265892978714,"Soupfin shark"
0.88,"distance","binary",0.692354191936819,"Soupfin shark"
0.89,"distance","binary",0.707481309748354,"Soupfin shark"
0.9,"distance","binary",0.718384019730778,"Soupfin shark"
